endpoint_id,endpoint_family,updater,view,N,estimate,interval_status,lower,upper,reason
Theta|heuristic|fixed,Theta,heuristic,fixed,19,2.1959186317174675,AVAILABLE,1.8929643960286338,2.52982340742,
Theta|heuristic|dose_normalized,Theta,heuristic,dose_normalized,19,-0.4993662079516937,AVAILABLE,-0.6324167576457661,-0.4311986161860636,
Theta|heuristic|equal_total_dose,Theta,heuristic,equal_total_dose,19,-0.25839503000263964,AVAILABLE,-0.35629356245340543,-0.14249554719614285,
D|heuristic|equal_minus_fixed,D,heuristic,equal_minus_fixed,19,-2.454313661720107,AVAILABLE,-2.835325895177212,-2.1168299357834144,
Theta|adaptive_kalman|fixed,Theta,adaptive_kalman,fixed,19,-0.054077952513621734,AVAILABLE,-0.11103106753990993,-0.011532406881415543,
Theta|adaptive_kalman|dose_normalized,Theta,adaptive_kalman,dose_normalized,19,-0.11731444527211513,AVAILABLE,-0.14236781441007249,-0.09742365691180196,
Theta|adaptive_kalman|equal_total_dose,Theta,adaptive_kalman,equal_total_dose,19,-0.1275577208433419,AVAILABLE,-0.1542559055509059,-0.10646853598012077,
D|adaptive_kalman|equal_minus_fixed,D,adaptive_kalman,equal_minus_fixed,19,-0.07347976832972017,AVAILABLE,-0.12061867142090918,-0.015365058512174755,
Aux|y_RMSE|heuristic|updater_minus_C0,Auxiliary,heuristic,,19,0.00120976731712733,AVAILABLE,0.0006103273579346306,0.0020252784059735995,
Aux|y_RMSE|heuristic|updater_specific_Cmean_minus_C0,Auxiliary,heuristic,,19,0.00012132414705181531,AVAILABLE,-0.000225789205005584,0.0004240606593195795,
Aux|y_RMSE|adaptive_kalman|updater_minus_C0,Auxiliary,adaptive_kalman,,19,0.00011518437579654656,AVAILABLE,-0.00012662454876709393,0.0003127588795556131,
Aux|y_RMSE|adaptive_kalman|updater_specific_Cmean_minus_C0,Auxiliary,adaptive_kalman,,19,-6.835798530246669e-06,AVAILABLE,-0.00013226891150579053,9.507095363385519e-05,
Aux|MAFD|heuristic|updater_minus_C0,Auxiliary,heuristic,,19,-0.006636936712431961,AVAILABLE,-0.007901120443650957,-0.0059530925036800604,
Aux|MAFD|heuristic|updater_specific_Cmean_minus_C0,Auxiliary,heuristic,,19,-0.007104538630806544,AVAILABLE,-0.0081540807187505,-0.006384778385300445,
Aux|MAFD|adaptive_kalman|updater_minus_C0,Auxiliary,adaptive_kalman,,19,-0.003302736912574046,AVAILABLE,-0.0050140811979287915,-0.0021875340615141034,
Aux|MAFD|adaptive_kalman|updater_specific_Cmean_minus_C0,Auxiliary,adaptive_kalman,,19,-0.002902429524617821,AVAILABLE,-0.003363362428331789,-0.0025981825370938873,
