updater,view,shape,area,N
heuristic,fixed,transient,1.7988423012482189,19
heuristic,fixed,sustained,12.994760932953689,19
heuristic,dose_normalized,transient,1.7988423012482189,19
heuristic,dose_normalized,sustained,1.2994760932953688,19
heuristic,equal_total_dose,transient,1.7988423012482189,19
heuristic,equal_total_dose,sustained,1.5404472712444237,19
adaptive_kalman,fixed,transient,1.1243407222452328,19
adaptive_kalman,fixed,sustained,10.070262769719614,19
adaptive_kalman,dose_normalized,transient,1.1243407222452328,19
adaptive_kalman,dose_normalized,sustained,1.0070262769719613,19
adaptive_kalman,equal_total_dose,transient,1.1243407222452328,19
adaptive_kalman,equal_total_dose,sustained,0.9967830014007354,19
C0,fixed,transient,0.9999999999999514,19
C0,fixed,sustained,9.999999999987953,19
C0,dose_normalized,transient,0.9999999999999514,19
C0,dose_normalized,sustained,0.9999999999987953,19
C0,equal_total_dose,transient,0.9999999999999514,19
C0,equal_total_dose,sustained,0.9999999999987959,19
