endpoint,variant,contrast,estimate,lower,upper,N,positive_groups,negative_groups,zero_groups,ci_support,interval,resamples,seed,p_value,holm,median,q1,q3
rmse,Cmean_primary,Kalman_minus_C0,0.0027431144266371991,0.0003934283069110018,0.0065392670930740403,21,12,9,0,positive,pointwise conditional 95% BCa,10000,20260830,,,0.00028891267919461949,-0.00064175280548872671,0.0023452602435794223
rmse,Cmean_primary,Kalman_minus_Cmean,0.0025917283740999435,0.00030469101554518504,0.0061491991386899451,21,13,8,0,positive,pointwise conditional 95% BCa,10000,20260830,,,0.00031571798672039297,-0.0003754578169810896,0.002446213031628286
rmse,Cmean_primary,Delta_comparator,0.00015138605253725568,-6.6797283078769685e-05,0.00045671498459564253,21,12,9,0,includes_zero,pointwise conditional 95% BCa,10000,20260830,,,2.2207882437286219e-05,-0.00010095278804886365,0.00022533119199978635
rmse,Cmean_pooled,Kalman_minus_C0,0.0027431144266371991,0.0003934283069110018,0.0065392670930740403,21,12,9,0,positive,pointwise conditional 95% BCa,10000,20260830,,,0.00028891267919461949,-0.00064175280548872671,0.0023452602435794223
rmse,Cmean_pooled,Kalman_minus_Cmean,0.0026078322107823543,0.0003289765208012187,0.0061712106900405688,21,13,8,0,positive,pointwise conditional 95% BCa,10000,20260830,,,0.0003108570811430067,-0.00036449435640686922,0.0024490518480042023
rmse,Cmean_pooled,Delta_comparator,0.00013528221585484504,-8.0957231606442281e-05,0.00042646684049820193,21,12,9,0,includes_zero,pointwise conditional 95% BCa,10000,20260830,,,2.2631848161314139e-05,-9.7791397996066509e-05,0.00021858852728101619
mafd,Cmean_primary,Kalman_minus_C0,-0.001254505158735943,-0.0023722087515080444,-0.00066152815711551232,21,4,17,0,negative,pointwise conditional 95% BCa,10000,20260830,,,-0.00080239608258648749,-0.0018011285490932517,-0.00017866063695028177
mafd,Cmean_primary,Kalman_minus_Cmean,-0.0011705560583871529,-0.0024039433497013022,-0.00059395485066702483,21,5,16,0,negative,pointwise conditional 95% BCa,10000,20260830,,,-0.00084864446517152799,-0.0012852869260243987,-1.8170571376877748e-05
mafd,Cmean_primary,Delta_comparator,-8.3949100348790155e-05,-0.00031476741632775789,7.6287600851789611e-05,21,11,10,0,includes_zero,pointwise conditional 95% BCa,10000,20260830,,,4.8709905990795485e-05,-0.00031882540884502122,0.00024100884639441551
mafd,Cmean_pooled,Kalman_minus_C0,-0.001254505158735943,-0.0023722087515080444,-0.00066152815711551232,21,4,17,0,negative,pointwise conditional 95% BCa,10000,20260830,,,-0.00080239608258648749,-0.0018011285490932517,-0.00017866063695028177
mafd,Cmean_pooled,Kalman_minus_Cmean,-0.0011639111954441297,-0.0023880740218550954,-0.00058965800551071023,21,5,16,0,negative,pointwise conditional 95% BCa,10000,20260830,,,-0.00082411835542456954,-0.0012860152242302383,-1.3689631328117277e-05
mafd,Cmean_pooled,Delta_comparator,-9.0593963291813427e-05,-0.00032428158490203023,6.5925326026955111e-05,21,11,10,0,includes_zero,pointwise conditional 95% BCa,10000,20260830,,,4.9438204196635034e-05,-0.00030101263840250948,0.0002138177816627786
