component,estimate,N,interval,lower,upper,positive_groups,negative_groups,zero_groups,ci_support,resamples,seed,p_value,holm,median,q1,q3
A_Kalman_T,1.8284904181896593,21,descriptive only,,,,,,,,,,,,,
A_Kalman_S,21.552549616700254,21,descriptive only,,,,,,,,,,,,,
A_Kalman_E,1.0419762049365524,21,descriptive only,,,,,,,,,,,,,
A_C0_T,1.0000000000000002,21,descriptive only,,,,,,,,,,,,,
A_C0_S,20,21,descriptive only,,,,,,,,,,,,,
A_C0_E,0.9999999999999919,21,descriptive only,,,,,,,,,,,,,
T,0.82849041818965863,21,pointwise conditional 95% BCa,0.66245364564273324,0.98814621642481193,21,0,0,positive,10000,20260905,,,0.79537799312650392,0.55119028230870515,1.2274525777520358
S,1.5525496167002555,21,pointwise conditional 95% BCa,1.3532346441354175,1.7511791066498337,21,0,0,positive,10000,20260905,,,1.5254410641257792,1.2638764605631074,1.8267109639356001
E,0.04197620493656045,21,pointwise conditional 95% BCa,0.033451604337723199,0.050862785371552657,21,0,0,positive,10000,20260905,,,0.043193415353728892,0.026374275407251457,0.055391081557137567
Theta_fixed,0.72405919851059664,21,pointwise conditional 95% BCa,0.53290199803287297,0.8957993393771313,20,1,0,positive,10000,20260905,,,0.71887058514479074,0.28729624162946754,1.0409601245576658
Theta_dose,-0.75086293735464593,21,pointwise conditional 95% BCa,-0.9070071217886696,-0.59114369272577971,0,21,0,negative,10000,20260905,,,-0.72102206844645289,-1.1369805004211262,-0.46507499232811556
Theta_equal,-0.78651421325309823,21,pointwise conditional 95% BCa,-0.95039276222378244,-0.61907990526413303,0,21,0,negative,10000,20260905,,,-0.76147436919719402,-1.1898270687493679,-0.49276325021688749
D,-1.5105734117636951,21,pointwise conditional 95% BCa,-1.7020011276818745,-1.3151753768305678,0,21,0,negative,10000,20260905,,,-1.4733721577872729,-1.7531613379368478,-1.2507250289795295
R,-0.03565127589845233,21,pointwise conditional 95% BCa,-0.043265086896713517,-0.027344151068991809,0,21,0,negative,10000,20260905,,,-0.034417497965247512,-0.052554278449377323,-0.025139698801696087
