endpoint,variant,contrast,estimate,lower,upper,N,positive_groups,negative_groups,zero_groups,ci_support,interval,resamples,seed,p_value,holm,median,q1,q3,same_group_signs
mafd,Cmean_pooled,Delta_comparator,0.00016051599944935931,-3.9977349543811066e-06,0.00031215743608844495,21,16,5,0,includes_zero,pointwise conditional 95% BCa,10000,20260830,,,0.00015197898185657054,4.1939454843756795e-05,0.00044311646567061222,15
mafd,Cmean_pooled,updater_minus_C0,-0.0008976685699763528,-0.0019782835479128808,-0.00034864851613456609,21,6,15,0,negative,pointwise conditional 95% BCa,10000,20260830,,,-0.00056210193852865818,-0.0013288877834738396,0.00017728360703205296,16
mafd,Cmean_pooled,updater_minus_Cmean,-0.0010581845694257121,-0.0022377319228651807,-0.00050666059772739658,21,5,16,0,negative,pointwise conditional 95% BCa,10000,20260830,,,-0.00060404139337241498,-0.001091414866435686,-3.0522098714095766e-05,13
mafd,Cmean_primary,Delta_comparator,0.00017127028487693159,6.6009669552787158e-06,0.00032370961418520328,21,16,5,0,positive,pointwise conditional 95% BCa,10000,20260830,,,0.00017775370098131391,5.3804786319849689e-05,0.00045126633666940077,15
mafd,Cmean_primary,updater_minus_C0,-0.0008976685699763528,-0.0019782835479128808,-0.00034864851613456609,21,6,15,0,negative,pointwise conditional 95% BCa,10000,20260830,,,-0.00056210193852865818,-0.0013288877834738396,0.00017728360703205296,16
mafd,Cmean_primary,updater_minus_Cmean,-0.0010689388548532847,-0.0022553884624180445,-0.00051396211618722398,21,5,16,0,negative,pointwise conditional 95% BCa,10000,20260830,,,-0.00062174481445655648,-0.0011110172699362111,-3.6938738622264294e-05,13
rmse,Cmean_pooled,Delta_comparator,-1.9813194147169378e-05,-0.00027145388141555752,0.00022366767959886211,21,11,10,0,includes_zero,pointwise conditional 95% BCa,10000,20260830,,,9.5831179345029494e-06,-0.00020147430220596174,0.0001181564532433399,15
rmse,Cmean_pooled,updater_minus_C0,0.0026440224491710786,0.00023085587925828854,0.0064505847854696508,21,11,10,0,positive,pointwise conditional 95% BCa,10000,20260830,,,0.00076253447251498074,-0.00051355179238601889,0.0020682176260796992,12
rmse,Cmean_pooled,updater_minus_Cmean,0.0026638356433182479,0.00014797463198245488,0.0063227949128011277,21,11,10,0,positive,pointwise conditional 95% BCa,10000,20260830,,,0.00071866478757517949,-0.00060634100395726143,0.0022286970977795084,12
rmse,Cmean_primary,Delta_comparator,-3.9940549112321963e-06,-0.00026317948384603989,0.00026211453359432387,21,11,10,0,includes_zero,pointwise conditional 95% BCa,10000,20260830,,,8.671797758735833e-06,-0.00020432527900851594,0.00014324011326680153,15
rmse,Cmean_primary,updater_minus_C0,0.0026440224491710786,0.00023085587925828854,0.0064505847854696508,21,11,10,0,positive,pointwise conditional 95% BCa,10000,20260830,,,0.00076253447251498074,-0.00051355179238601889,0.0020682176260796992,12
rmse,Cmean_primary,updater_minus_Cmean,0.0026480165040823106,0.00012120395226092349,0.0063071315675079882,21,11,10,0,positive,pointwise conditional 95% BCa,10000,20260830,,,0.00071600833973209377,-0.00063528701569173784,0.0022442460900352068,12
